first_name,last_name,email,gender,department
Philip,Snartt,psnartt0@tripod.com,Male,Legal
Prudence,Muccino,pmuccino1@chron.com,Female,Legal
Albrecht,Matys,amatys2@nba.com,Male,Accounting
Tawnya,Simms,tsimms3@biblegateway.com,Female,Engineering
Elenore,Tatford,etatford4@is.gd,Female,Product Management
Zita,Billows,zbillows5@jalbum.net,Female,Engineering
Jenna,Ferne,jferne6@whitehouse.gov,Female,Engineering
Ashely,Pitblado,apitblado7@adobe.com,Female,Marketing
Luther,Putley,lputley8@army.mil,Male,Support
Edd,Tirrey,etirrey9@ifeng.com,Male,Support
Bertina,Ierland,bierlanda@disqus.com,Female,Marketing
August,Axston,aaxstonb@uiuc.edu,Male,Accounting
Steffane,Shemelt,sshemeltc@mediafire.com,Female,Product Management
Benedick,Kamienski,bkamienskid@tinyurl.com,Male,Services
Vinnie,Preene,vpreenee@gmpg.org,Male,Research and Development
Virgie,Theurer,vtheurerf@github.io,Female,Legal
Lyndell,Lemerie,llemerieg@webeden.co.uk,Female,Accounting
Joyan,Kerford,jkerfordh@wufoo.com,Female,Accounting
Rubina,Moncur,rmoncuri@skyrock.com,Polygender,Support
Hanan,Cotty,hcottyj@cnet.com,Male,Accounting
Bendick,Alenikov,balenikovk@baidu.com,Male,Engineering
Marybelle,McCloch,mmcclochl@nyu.edu,Female,Accounting
Kathye,McCorrie,kmccorriem@163.com,Female,Training
Odo,Vanyushin,ovanyushinn@mtv.com,Male,Accounting
Saxon,Swinn,sswinno@pcworld.com,Male,Support
Kimbra,Drabble,kdrabblep@accuweather.com,Female,Support
Klaus,Overy,koveryq@bandcamp.com,Male,Research and Development
Lynett,Matuszynski,lmatuszynskir@mediafire.com,Female,Business Development
Alphonse,Mainson,amainsons@yahoo.co.jp,Male,Engineering
Annis,Elsbury,aelsburyt@wired.com,Female,Training
Chance,Robrow,crobrowu@ovh.net,Male,Support
Deina,MacCall,dmaccallv@addthis.com,Genderfluid,Services
Karoly,Calafato,kcalafatow@kickstarter.com,Female,Accounting
Sibylla,Pyle,spylex@51.la,Female,Support
Samantha,Bentzen,sbentzeny@vk.com,Female,Engineering
Colet,Trim,ctrimz@360.cn,Male,Legal
Melinde,Newsome,mnewsome10@cisco.com,Female,Business Development
Cos,Sisse,csisse11@spotify.com,Male,Business Development
Abey,Lockitt,alockitt12@redcross.org,Male,Business Development
Mahala,McNabb,mmcnabb13@jimdo.com,Female,Product Management
Paddy,Derell,pderell14@pinterest.com,Male,Business Development
Waite,Hudleston,whudleston15@geocities.jp,Genderfluid,Marketing
Robinett,Starkey,rstarkey16@ucla.edu,Female,Accounting
Chiquita,Kiddy,ckiddy17@patch.com,Genderfluid,Services
Kimberlee,Upson,kupson18@list-manage.com,Female,Services
Bartolomeo,McClifferty,bmcclifferty19@examiner.com,Male,Sales
Joletta,Veness,jveness1a@bandcamp.com,Female,Product Management
Nadean,Petersen,npetersen1b@wordpress.com,Genderfluid,Marketing
Kellyann,Tenby,ktenby1c@hao123.com,Female,Accounting
Tonye,St. Louis,tstlouis1d@nih.gov,Female,Training
Bancroft,McLardie,bmclardie1e@gov.uk,Male,Accounting
Philly,Simenot,psimenot1f@nydailynews.com,Genderqueer,Engineering
Dorelle,Gooda,dgooda1g@ihg.com,Female,Support
Coop,Skeemor,cskeemor1h@nationalgeographic.com,Male,Support
Danyelle,Quye,dquye1i@marriott.com,Female,Training
Isacco,Westmancoat,iwestmancoat1j@boston.com,Male,Services
Debby,Setchfield,dsetchfield1k@51.la,Female,Human Resources
Baxter,Meineken,bmeineken1l@nymag.com,Male,Engineering
Karilynn,Gallihaulk,kgallihaulk1m@vk.com,Female,Support
Donella,Bourgeois,dbourgeois1n@unesco.org,Female,Services
Benedick,Shadrach,bshadrach1o@hao123.com,Male,Business Development
Wilek,Wix,wwix1p@google.com.au,Male,Services
Gennie,Heersma,gheersma1q@blogspot.com,Female,Support
Allsun,Hamper,ahamper1r@yandex.ru,Female,Training
Rem,Ascraft,rascraft1s@hibu.com,Male,Product Management
Charmian,Tiffney,ctiffney1t@state.tx.us,Female,Services
Giuditta,Eblein,geblein1u@51.la,Female,Services
Hew,Duckham,hduckham1v@indiatimes.com,Male,Support
Maddalena,Pearne,mpearne1w@auda.org.au,Female,Support
Marlow,Servante,mservante1x@berkeley.edu,Male,Sales
Ferdinand,Iggulden,figgulden1y@stumbleupon.com,Male,Legal
Alphonso,Easen,aeasen1z@nba.com,Male,Accounting
Kerwinn,Longshaw,klongshaw20@cyberchimps.com,Male,Product Management
Sanson,Kightly,skightly21@cloudflare.com,Male,Research and Development
Kendal,Grogona,kgrogona22@cnn.com,Male,Human Resources
Hector,MacPadene,hmacpadene23@gov.uk,Male,Sales
Marcelia,Enrico,menrico24@t-online.de,Female,Engineering
Gizela,Thornton,gthornton25@blogtalkradio.com,Female,Marketing
Dunc,Olenin,dolenin26@tmall.com,Male,Legal
D'arcy,Seyler,dseyler27@xing.com,Male,Support
Albie,Avraham,aavraham28@devhub.com,Male,Sales
Arni,MacRannell,amacrannell29@europa.eu,Male,Services
Waylan,Lavalle,wlavalle2a@vinaora.com,Male,Marketing
Elias,Havercroft,ehavercroft2b@blogs.com,Male,Training
Rozina,Hemms,rhemms2c@hp.com,Female,Business Development
Svend,Ewence,sewence2d@t.co,Male,Sales
Munmro,Maharg,mmaharg2e@yale.edu,Male,Services
Jacquenetta,Judge,jjudge2f@netscape.com,Female,Human Resources
Brandi,Soggee,bsoggee2g@nbcnews.com,Female,Accounting
Kelly,Mc Caghan,kmccaghan2h@desdev.cn,Male,Training
Leland,Tewes,ltewes2i@ezinearticles.com,Male,Engineering
Morgana,De Benedictis,mdebenedictis2j@1688.com,Female,Services
Sauveur,Pigny,spigny2k@wunderground.com,Male,Engineering
Nonah,Brooke,nbrooke2l@goo.ne.jp,Female,Marketing
Innis,Gonnel,igonnel2m@github.com,Male,Support
Florri,Maddison,fmaddison2n@canalblog.com,Female,Marketing
Binny,McKeon,bmckeon2o@unc.edu,Female,Services
Bethany,Whitehair,bwhitehair2p@t.co,Female,Product Management
Derrik,Laight,dlaight2q@etsy.com,Male,Business Development
Karalynn,O'Doireidh,kodoireidh2r@google.it,Female,Legal
Rose,Cufley,rcufley2s@skype.com,Female,Business Development
Linette,Matterson,lmatterson2t@tinyurl.com,Female,Business Development
Ivan,Sherington,isherington2u@pcworld.com,Male,Marketing
Euell,Ashwood,eashwood2v@booking.com,Male,Engineering
Hermy,Mountcastle,hmountcastle2w@reference.com,Male,Human Resources
Chick,Pendlington,cpendlington2x@freewebs.com,Genderqueer,Accounting
Katalin,Axford,kaxford2y@woothemes.com,Female,Services
Loralie,Klimkowski,lklimkowski2z@spotify.com,Female,Product Management
Maura,Goodlatt,mgoodlatt30@oaic.gov.au,Female,Business Development
Knox,Duigenan,kduigenan31@stumbleupon.com,Male,Product Management
Ilaire,Goble,igoble32@statcounter.com,Male,Sales
Ginny,Pudden,gpudden33@istockphoto.com,Female,Sales
Boniface,Croker,bcroker34@cbc.ca,Non-binary,Sales
Carlen,Seif,cseif35@github.io,Female,Accounting
Celene,Ghiron,cghiron36@shinystat.com,Female,Product Management
Benton,Noice,bnoice37@slashdot.org,Male,Marketing
Norbie,Butterly,nbutterly38@wordpress.org,Male,Engineering
Hort,Shemilt,hshemilt39@europa.eu,Male,Services
Jennette,Milsted,jmilsted3a@shop-pro.jp,Bigender,Training
Gothart,Faveryear,gfaveryear3b@biglobe.ne.jp,Male,Business Development
Elmer,Hek,ehek3c@reddit.com,Male,Engineering
Jilly,Chestney,jchestney3d@comcast.net,Agender,Engineering
Brodie,Wolton,bwolton3e@icio.us,Bigender,Business Development
Letti,Blackaby,lblackaby3f@twitter.com,Female,Services
Vladimir,Handrek,vhandrek3g@netscape.com,Bigender,Business Development
Filmore,Thorlby,fthorlby3h@shop-pro.jp,Male,Research and Development
Ulric,McGiveen,umcgiveen3i@japanpost.jp,Male,Accounting
Amberly,Cormack,acormack3j@123-reg.co.uk,Female,Human Resources
Bertram,Reicherz,breicherz3k@wix.com,Male,Support
Napoleon,Espin,nespin3l@ftc.gov,Male,Marketing
Phylys,Durbann,pdurbann3m@dailymotion.com,Female,Services
Cristine,Cubbini,ccubbini3n@wired.com,Female,Engineering
Annaliese,Kinsella,akinsella3o@wunderground.com,Female,Product Management
Pattie,Boote,pboote3p@mit.edu,Female,Legal
Sheppard,O'Currine,socurrine3q@cdc.gov,Male,Support
Rhett,Dagg,rdagg3r@xinhuanet.com,Male,Training
Andria,Bernaldo,abernaldo3s@springer.com,Female,Human Resources
Yorgos,Skottle,yskottle3t@exblog.jp,Male,Research and Development
Richy,Willicott,rwillicott3u@auda.org.au,Male,Services
Gar,Cana,gcana3v@stumbleupon.com,Male,Human Resources
Ophelia,Sanzio,osanzio3w@wsj.com,Polygender,Services
Merlina,Claffey,mclaffey3x@omniture.com,Female,Sales
Cindra,Duckitt,cduckitt3y@devhub.com,Female,Sales
Deeyn,Izhaky,dizhaky3z@reference.com,Female,Legal
Ado,Pollington,apollington40@icq.com,Male,Product Management
Myrle,Daburn,mdaburn41@chronoengine.com,Polygender,Human Resources
Benedetta,Reace,breace42@blogtalkradio.com,Female,Training
Phelia,Gencke,pgencke43@netscape.com,Genderfluid,Marketing
Raven,Waylett,rwaylett44@wsj.com,Female,Business Development
Pattie,Overton,poverton45@prlog.org,Female,Marketing
Betti,Cammis,bcammis46@ezinearticles.com,Female,Research and Development
Kory,Haslen,khaslen47@purevolume.com,Male,Training
Shelagh,Flannigan,sflannigan48@sbwire.com,Female,Product Management
Keriann,Breinl,kbreinl49@studiopress.com,Female,Sales
Christoph,Cottey,ccottey4a@cornell.edu,Male,Sales
Shirleen,Musprat,smusprat4b@spiegel.de,Female,Marketing
Ileana,Repper,irepper4c@deliciousdays.com,Female,Legal
Spenser,Vibert,svibert4d@storify.com,Male,Research and Development
Harriet,Leile,hleile4e@psu.edu,Female,Marketing
Lancelot,MacMenamie,lmacmenamie4f@artisteer.com,Male,Engineering
Ed,Thoma,ethoma4g@histats.com,Male,Sales
Witty,Middis,wmiddis4h@house.gov,Male,Research and Development
Anatole,Grabban,agrabban4i@tuttocitta.it,Male,Accounting
Shalom,McGeraghty,smcgeraghty4j@unc.edu,Male,Marketing
Francyne,Cappineer,fcappineer4k@si.edu,Female,Support
Linnie,Smitherman,lsmitherman4l@ihg.com,Female,Support
Neilla,Stawell,nstawell4m@godaddy.com,Female,Training
Benjie,Beckett,bbeckett4n@ftc.gov,Male,Engineering
Tammy,Pieterick,tpieterick4o@networksolutions.com,Female,Support
Shaine,Gavin,sgavin4p@nasa.gov,Female,Product Management
Dannel,Bartalin,dbartalin4q@com.com,Male,Support
Wynn,Guillerman,wguillerman4r@php.net,Male,Support
Camey,Ridwood,cridwood4s@economist.com,Male,Legal
Gayle,Kirwood,gkirwood4t@yellowbook.com,Female,Legal
Alex,Chisholme,achisholme4u@shareasale.com,Male,Support
Ariadne,Strothers,astrothers4v@imdb.com,Bigender,Marketing
Arabella,Corssen,acorssen4w@tuttocitta.it,Female,Accounting
Elihu,Kubat,ekubat4x@booking.com,Male,Product Management
Emily,Applebee,eapplebee4y@salon.com,Female,Marketing
Gianna,Fawdrie,gfawdrie4z@fc2.com,Non-binary,Human Resources
Norah,Vernalls,nvernalls50@pagesperso-orange.fr,Female,Product Management
Michale,Fallen,mfallen51@engadget.com,Male,Marketing
Brant,Sidden,bsidden52@sphinn.com,Male,Engineering
Garrott,Diviny,gdiviny53@businessweek.com,Male,Business Development
Hartley,Bartolomeo,hbartolomeo54@phoca.cz,Male,Support
Zitella,Casacchia,zcasacchia55@comsenz.com,Female,Sales
Wolf,Rableau,wrableau56@ow.ly,Male,Engineering
Glenn,Vaggs,gvaggs57@usatoday.com,Female,Business Development
Sanson,Wiersma,swiersma58@jigsy.com,Male,Business Development
Roderick,Hackelton,rhackelton59@abc.net.au,Male,Marketing
Kerry,Caldicot,kcaldicot5a@qq.com,Male,Product Management
Gipsy,McCleary,gmccleary5b@opera.com,Female,Product Management
Perren,Keavy,pkeavy5c@list-manage.com,Male,Legal
Claudia,Reader,creader5d@epa.gov,Female,Accounting
George,Sawer,gsawer5e@admin.ch,Polygender,Services
Barrett,Grichukhin,bgrichukhin5f@blogger.com,Male,Marketing
Brigham,Nowell,bnowell5g@blog.com,Male,Research and Development
Kaspar,O'Halligan,kohalligan5h@a8.net,Male,Support
Meris,Thurston,mthurston5i@google.de,Female,Legal
Lani,Lamerton,llamerton5j@dagondesign.com,Female,Business Development
Enrica,Moscon,emoscon5k@utexas.edu,Female,Engineering
Amble,Churms,achurms5l@aol.com,Male,Engineering
Georgianna,Behr,gbehr5m@booking.com,Female,Sales
Jasper,Wickstead,jwickstead5n@pinterest.com,Male,Research and Development
Ethel,Hardisty,ehardisty5o@ucla.edu,Female,Services
Kenton,Eastbury,keastbury5p@cafepress.com,Male,Sales
Ferne,Tapton,ftapton5q@g.co,Female,Legal
Eugenia,Cockle,ecockle5r@google.com.au,Female,Product Management
Chloris,Kiltie,ckiltie5s@gizmodo.com,Female,Business Development
Gregorio,Lenthall,glenthall5t@toplist.cz,Male,Sales
Marv,Gilardoni,mgilardoni5u@fastcompany.com,Male,Product Management
Rey,Sterke,rsterke5v@technorati.com,Male,Research and Development
Olivette,Gerson,ogerson5w@illinois.edu,Female,Product Management
Dode,Sikorsky,dsikorsky5x@theglobeandmail.com,Female,Research and Development
Nickola,Fraser,nfraser5y@wix.com,Bigender,Legal
Darrick,Begg,dbegg5z@vinaora.com,Bigender,Research and Development
Bird,Nind,bnind60@1und1.de,Non-binary,Engineering
Andre,Jostan,ajostan61@home.pl,Male,Engineering
Joelynn,Dobson,jdobson62@cpanel.net,Female,Accounting
Giorgia,Mendes,gmendes63@cnn.com,Female,Training
Shermie,Shortt,sshortt64@blogspot.com,Male,Marketing
Clayton,Sidnall,csidnall65@auda.org.au,Male,Sales
Vaclav,Camellini,vcamellini66@spotify.com,Male,Sales
Yolane,Smithyman,ysmithyman67@ft.com,Female,Human Resources
Ingeborg,McAnalley,imcanalley68@bing.com,Female,Business Development
Federica,Bellenger,fbellenger69@weather.com,Female,Accounting
Zola,Pickavance,zpickavance6a@xinhuanet.com,Female,Research and Development
Marjie,Takle,mtakle6b@umn.edu,Female,Product Management
Petrina,Meiner,pmeiner6c@blog.com,Female,Business Development
Esra,Iddison,eiddison6d@tripadvisor.com,Male,Product Management
Alf,Dible,adible6e@mashable.com,Male,Accounting
Marrissa,Wafer,mwafer6f@xrea.com,Agender,Legal
Curt,Buglar,cbuglar6g@usnews.com,Male,Engineering
Kevina,Lathaye,klathaye6h@homestead.com,Female,Engineering
Dorthea,Raymen,draymen6i@barnesandnoble.com,Female,Legal
Gasper,Strutton,gstrutton6j@ezinearticles.com,Male,Accounting
Arabelle,Monteath,amonteath6k@cisco.com,Female,Accounting
Rici,Jaskowicz,rjaskowicz6l@addthis.com,Female,Research and Development
Thornton,Licas,tlicas6m@hubpages.com,Male,Accounting
Bellanca,Mapother,bmapother6n@wix.com,Genderfluid,Product Management
Winni,Guirau,wguirau6o@cocolog-nifty.com,Female,Research and Development
Sarita,Tomczykowski,stomczykowski6p@t.co,Female,Accounting
Aurelia,Crowden,acrowden6q@google.com.au,Agender,Legal
Liuka,Vose,lvose6r@china.com.cn,Non-binary,Sales
Cassondra,Hancox,chancox6s@smh.com.au,Female,Accounting
Carmela,Buske,cbuske6t@indiegogo.com,Female,Business Development
Teddy,O'Geneay,togeneay6u@tinypic.com,Male,Services
Marlow,Abelwhite,mabelwhite6v@opensource.org,Male,Business Development
Ansel,Rawlingson,arawlingson6w@bizjournals.com,Male,Research and Development
Ardys,MacAughtrie,amacaughtrie6x@people.com.cn,Female,Business Development
Freddie,Harley,fharley6y@myspace.com,Female,Accounting
Gunter,Bosnell,gbosnell6z@mit.edu,Male,Product Management
Lance,Hasling,lhasling70@storify.com,Male,Product Management
Jerrie,Boarer,jboarer71@unicef.org,Male,Research and Development
Haskell,Camus,hcamus72@pbs.org,Male,Business Development
Dareen,Oade,doade73@uol.com.br,Female,Legal
May,Eastman,meastman74@odnoklassniki.ru,Bigender,Training
Anson,Fright,afright75@merriam-webster.com,Male,Accounting
Haley,Davage,hdavage76@chicagotribune.com,Bigender,Human Resources
Ryan,McComiskie,rmccomiskie77@weibo.com,Male,Sales
Randal,McCrohon,rmccrohon78@squarespace.com,Male,Training
Ryann,Tooher,rtooher79@xrea.com,Genderfluid,Support
Abagael,Dawks,adawks7a@nyu.edu,Female,Human Resources
Evelin,Scripture,escripture7b@tinyurl.com,Male,Legal
Mace,Ballham,mballham7c@miibeian.gov.cn,Male,Business Development
Broderic,Pennetta,bpennetta7d@nydailynews.com,Male,Support
Camila,Juhruke,cjuhruke7e@toplist.cz,Female,Human Resources
Sumner,Mowles,smowles7f@goodreads.com,Male,Support
Alvy,Lippatt,alippatt7g@mac.com,Male,Sales
Sena,Hasnip,shasnip7h@hostgator.com,Female,Marketing
Giustino,Stanion,gstanion7i@jimdo.com,Male,Product Management
Gracie,Jencken,gjencken7j@marriott.com,Genderfluid,Support
Delainey,Van den Bosch,dvandenbosch7k@hp.com,Male,Research and Development
Kelsey,Rubinovitsch,krubinovitsch7l@msn.com,Male,Sales
Ardelle,Manton,amanton7m@cisco.com,Agender,Legal
Winny,Brightling,wbrightling7n@nifty.com,Female,Business Development
Ofella,Haxell,ohaxell7o@hugedomains.com,Female,Engineering
Kaela,Blader,kblader7p@blogtalkradio.com,Female,Marketing
Alexei,Stockell,astockell7q@virginia.edu,Male,Marketing
Amii,Titherington,atitherington7r@engadget.com,Female,Research and Development
Delcina,Bamber,dbamber7s@chicagotribune.com,Female,Sales
Rica,Hutchcraft,rhutchcraft7t@microsoft.com,Female,Human Resources
Elmer,Lafranconi,elafranconi7u@deviantart.com,Male,Product Management
Sibylle,Bretelle,sbretelle7v@columbia.edu,Female,Product Management
Cami,Easterbrook,ceasterbrook7w@sourceforge.net,Female,Support
Vickie,Keppel,vkeppel7x@so-net.ne.jp,Polygender,Training
Sallie,Cheley,scheley7y@lycos.com,Female,Training
Pebrook,Towns,ptowns7z@sina.com.cn,Male,Training
Sabrina,Beckham,sbeckham80@com.com,Female,Support
Tania,Billing,tbilling81@java.com,Female,Sales
Marlie,Anthoine,manthoine82@businesswire.com,Female,Engineering
Krystal,Grimolbie,kgrimolbie83@dion.ne.jp,Female,Engineering
Jodie,Whisson,jwhisson84@webeden.co.uk,Female,Sales
Mara,Alyutin,malyutin85@biglobe.ne.jp,Female,Sales
Alethea,Cotterel,acotterel86@unesco.org,Female,Sales
Marthe,Copley,mcopley87@lulu.com,Female,Legal
Becca,Mangon,bmangon88@mapquest.com,Genderfluid,Human Resources
Renard,Sainter,rsainter89@washington.edu,Male,Engineering
Blake,Clemits,bclemits8a@ucoz.com,Male,Marketing
Rubina,Durward,rdurward8b@desdev.cn,Non-binary,Business Development
Karisa,Coomer,kcoomer8c@yale.edu,Female,Marketing
Berte,Whines,bwhines8d@virginia.edu,Female,Sales
Clement,Muttock,cmuttock8e@zdnet.com,Male,Product Management
Nathalie,Vasilmanov,nvasilmanov8f@skyrock.com,Female,Support
Chrissie,McCreadie,cmccreadie8g@dagondesign.com,Female,Training
Mikol,Assad,massad8h@foxnews.com,Male,Training
Ilene,Yglesia,iyglesia8i@jugem.jp,Female,Legal
Domenic,Pietrasik,dpietrasik8j@nbcnews.com,Male,Product Management
Honoria,Seymer,hseymer8k@tripod.com,Female,Product Management
Fremont,Slixby,fslixby8l@disqus.com,Male,Support
Biddy,Hiner,bhiner8m@ox.ac.uk,Genderqueer,Research and Development
Chryste,Lotte,clotte8n@wikimedia.org,Female,Research and Development
Ketti,Ruoss,kruoss8o@ustream.tv,Female,Marketing
Benedetto,Read,bread8p@pcworld.com,Male,Engineering
Bobbette,Bramo,bbramo8q@hatena.ne.jp,Female,Product Management
Roland,Hullock,rhullock8r@uiuc.edu,Male,Support
Waite,Clutton,wclutton8s@comsenz.com,Male,Human Resources
Carin,Cacacie,ccacacie8t@tripadvisor.com,Female,Marketing
Aguie,Philipson,aphilipson8u@wikipedia.org,Male,Product Management
Kristos,McFade,kmcfade8v@t-online.de,Male,Marketing
Biddie,Ciciotti,bciciotti8w@jiathis.com,Female,Legal
Leanora,Jeffery,ljeffery8x@salon.com,Female,Training
Chrisy,Tilburn,ctilburn8y@toplist.cz,Male,Support
Melodee,Ranger,mranger8z@feedburner.com,Female,Human Resources
Drucill,Extill,dextill90@shareasale.com,Female,Research and Development
Kendra,Sloy,ksloy91@eepurl.com,Female,Accounting
Kaitlyn,Dunnan,kdunnan92@fema.gov,Female,Business Development
Giselbert,Sherwyn,gsherwyn93@1und1.de,Male,Support
Quintus,Bayles,qbayles94@yolasite.com,Male,Marketing
Rubie,Summerson,rsummerson95@reddit.com,Female,Training
Mandy,Dowley,mdowley96@cbc.ca,Female,Legal
Obadias,Aers,oaers97@dell.com,Male,Engineering
Dan,Dinnis,ddinnis98@qq.com,Male,Accounting
Joanna,Lazare,jlazare99@zdnet.com,Female,Sales
Tomkin,Charon,tcharon9a@networkadvertising.org,Male,Marketing
Lawrence,Grayne,lgrayne9b@multiply.com,Polygender,Accounting
Ibrahim,Edge,iedge9c@de.vu,Male,Accounting
Marijn,Bartke,mbartke9d@cargocollective.com,Male,Training
Leroy,Meadows,lmeadows9e@fema.gov,Male,Sales
Ethan,McCrossan,emccrossan9f@blogger.com,Male,Accounting
Vita,Storror,vstorror9g@accuweather.com,Female,Business Development
Jodie,Heinz,jheinz9h@google.co.jp,Male,Product Management
Wilmette,Maryott,wmaryott9i@xinhuanet.com,Female,Support
Farica,St Quenin,fstquenin9j@mayoclinic.com,Female,Sales
Deeyn,Kilius,dkilius9k@weebly.com,Female,Product Management
Carolee,Yeoman,cyeoman9l@creativecommons.org,Genderqueer,Research and Development
Nickola,Piddletown,npiddletown9m@over-blog.com,Male,Accounting
Iolanthe,Barthod,ibarthod9n@jiathis.com,Female,Engineering
Clementine,Harrad,charrad9o@wisc.edu,Female,Training
Mal,Webb,mwebb9p@altervista.org,Male,Accounting
Riobard,Cuckson,rcuckson9q@sohu.com,Male,Human Resources
Nettie,Mayling,nmayling9r@state.gov,Non-binary,Accounting
Cole,Ragsdall,cragsdall9s@ftc.gov,Male,Product Management
Humfrid,Duigenan,hduigenan9t@statcounter.com,Male,Sales
Sandra,Laurence,slaurence9u@51.la,Female,Accounting
Guthrie,Jakubski,gjakubski9v@wunderground.com,Male,Product Management
Morgan,Dawson,mdawson9w@csmonitor.com,Female,Research and Development
Isidore,Proud,iproud9x@umn.edu,Male,Sales
Freeman,Spering,fspering9y@youtu.be,Genderfluid,Marketing
Ty,Andover,tandover9z@squarespace.com,Male,Accounting
Doria,Aspital,daspitala0@ehow.com,Female,Engineering
Turner,Tibbotts,ttibbottsa1@hexun.com,Non-binary,Support
Bernardina,Crankshaw,bcrankshawa2@upenn.edu,Female,Marketing
Diandra,Caraher,dcarahera3@hp.com,Female,Business Development
Courtney,Loughran,cloughrana4@jimdo.com,Polygender,Legal
Britney,Jersh,bjersha5@friendfeed.com,Female,Product Management
Otes,Pepis,opepisa6@histats.com,Male,Product Management
Clarisse,Davidesco,cdavidescoa7@cyberchimps.com,Female,Human Resources
Massimiliano,Keynes,mkeynesa8@soup.io,Male,Business Development
Bastien,Cross,bcrossa9@mac.com,Male,Marketing
Minerva,Tremethack,mtremethackaa@dailymotion.com,Female,Engineering
Dorena,Saward,dsawardab@sakura.ne.jp,Genderfluid,Engineering
Hadrian,Gideon,hgideonac@usgs.gov,Male,Research and Development
Carmine,Covet,ccovetad@vistaprint.com,Female,Sales
Bobette,Mitford,bmitfordae@netvibes.com,Female,Accounting
Lilly,Potteridge,lpotteridgeaf@aboutads.info,Female,Services
Artemas,Worham,aworhamag@answers.com,Genderqueer,Human Resources
Gawen,Pestell,gpestellah@lulu.com,Male,Services
Hyman,Radden,hraddenai@phoca.cz,Male,Sales
Timmi,Revely,trevelyaj@ameblo.jp,Female,Services
Alric,Selbach,aselbachak@parallels.com,Male,Engineering
Thayne,Lampaert,tlampaertal@weebly.com,Male,Human Resources
Wilt,Reek,wreekam@arstechnica.com,Male,Legal
Fawnia,Juliano,fjulianoan@tripod.com,Genderqueer,Engineering
Hillie,Cardenosa,hcardenosaao@360.cn,Male,Research and Development
Edwina,Mallaby,emallabyap@blogger.com,Female,Sales
Jourdain,Gascar,jgascaraq@shop-pro.jp,Male,Services
Jedediah,Birtles,jbirtlesar@exblog.jp,Male,Accounting
Ivar,MacKenny,imackennyas@bloglines.com,Male,Training
Berrie,Cromar,bcromarat@51.la,Female,Support
Son,Kobel,skobelau@woothemes.com,Male,Sales
Peri,Brennon,pbrennonav@studiopress.com,Female,Research and Development
Haven,Buckthorp,hbuckthorpaw@mac.com,Bigender,Services
Nat,Ord,nordax@miitbeian.gov.cn,Male,Business Development
Romonda,Stidson,rstidsonay@fotki.com,Female,Sales
Halsey,Michelmore,hmichelmoreaz@shop-pro.jp,Male,Product Management
Farah,De Ruel,fderuelb0@boston.com,Female,Training
Daniele,Whittlesee,dwhittleseeb1@umich.edu,Bigender,Human Resources
Jinny,Burras,jburrasb2@liveinternet.ru,Non-binary,Business Development
Dunn,Rivilis,drivilisb3@apache.org,Male,Services
Wallas,Dowthwaite,wdowthwaiteb4@ocn.ne.jp,Male,Business Development
Leoline,Conyer,lconyerb5@cisco.com,Female,Marketing
Stephen,Stancer,sstancerb6@youku.com,Male,Business Development
Hunter,Loch,hlochb7@addthis.com,Male,Accounting
Kinna,Pollicott,kpollicottb8@washingtonpost.com,Female,Product Management
Berti,Scrammage,bscrammageb9@youtube.com,Male,Support
Fredric,Dooman,fdoomanba@hp.com,Male,Human Resources
Fiorenze,Halliberton,fhallibertonbb@ucoz.com,Female,Training
Luz,Lohmeyer,llohmeyerbc@friendfeed.com,Female,Human Resources
Milissent,Oaks,moaksbd@discuz.net,Female,Services
Zia,Perulli,zperullibe@biglobe.ne.jp,Female,Product Management
Bonnibelle,Peddowe,bpeddowebf@about.me,Female,Engineering
Taddeo,Driffill,tdriffillbg@wikia.com,Male,Product Management
Hobart,Northcliffe,hnorthcliffebh@theglobeandmail.com,Male,Support
Arnold,Benford,abenfordbi@bizjournals.com,Male,Engineering
Fritz,Older,folderbj@smh.com.au,Male,Support
Domenic,Loache,dloachebk@google.pl,Male,Legal
Blondie,Southerill,bsoutherillbl@com.com,Bigender,Product Management
Cristen,Fetherstan,cfetherstanbm@reuters.com,Female,Training
Sandy,Earle,searlebn@loc.gov,Genderqueer,Engineering
Keri,Ewer,kewerbo@amazon.de,Female,Accounting
Hobard,Louthe,hlouthebp@about.me,Male,Engineering
Brit,Gilardi,bgilardibq@un.org,Female,Human Resources
Rutger,Easdon,reasdonbr@last.fm,Male,Support
Alan,Josey,ajoseybs@weebly.com,Male,Marketing
Valle,Howton,vhowtonbt@goo.gl,Male,Accounting
Dorrie,Maryin,dmaryinbu@github.io,Female,Accounting
Aldridge,Patey,apateybv@twitter.com,Male,Marketing
Stella,Manass,smanassbw@blogtalkradio.com,Female,Services
Marcus,Riddel,mriddelbx@webeden.co.uk,Male,Engineering
Clementine,Yushachkov,cyushachkovby@apache.org,Female,Business Development
Jenica,Ruppeli,jruppelibz@alexa.com,Female,Legal
Amabelle,Stebbings,astebbingsc0@adobe.com,Female,Research and Development
Tamqrah,Taber,ttaberc1@acquirethisname.com,Female,Sales
Fairleigh,Romagosa,fromagosac2@cargocollective.com,Male,Marketing
Alys,Sallenger,asallengerc3@prweb.com,Female,Marketing
Tades,Overil,toverilc4@walmart.com,Male,Engineering
Corly,MacAlroy,cmacalroyc5@nba.com,Genderqueer,Engineering
Hunfredo,Littrik,hlittrikc6@nba.com,Male,Human Resources
Dennis,Greenaway,dgreenawayc7@163.com,Male,Marketing
Ahmed,Abramzon,aabramzonc8@macromedia.com,Male,Support
Freddi,Waker,fwakerc9@china.com.cn,Female,Services
Alex,Minchi,aminchica@biblegateway.com,Female,Marketing
Brier,Yakebowitch,byakebowitchcb@earthlink.net,Female,Support
Patrica,Aleveque,palevequecc@scientificamerican.com,Female,Research and Development
Gearard,Gostall,ggostallcd@wikipedia.org,Male,Accounting
Giana,Caldera,gcalderace@si.edu,Female,Legal
Annaliese,Knowlton,aknowltoncf@cbslocal.com,Female,Research and Development
Joan,Akhurst,jakhurstcg@list-manage.com,Female,Business Development
Donnie,Haselup,dhaselupch@macromedia.com,Female,Human Resources
Shani,Hazlegrove,shazlegroveci@reuters.com,Female,Support
Kath,McMearty,kmcmeartycj@zimbio.com,Polygender,Marketing
Izaak,Whenman,iwhenmanck@arstechnica.com,Male,Legal
Maryanna,Ailmer,mailmercl@bravesites.com,Female,Training
Leupold,Lippo,llippocm@oakley.com,Male,Business Development
Franny,O'Hallagan,fohallagancn@mit.edu,Non-binary,Marketing
Yank,McNeachtain,ymcneachtainco@mediafire.com,Male,Services
Alf,Seamark,aseamarkcp@cisco.com,Male,Engineering
Pris,Bruneau,pbruneaucq@mapy.cz,Female,Human Resources
Clarissa,Tills,ctillscr@yellowpages.com,Female,Product Management
Querida,L'Episcopi,qlepiscopics@upenn.edu,Female,Business Development
Cammi,Bloxham,cbloxhamct@disqus.com,Female,Product Management
Celestina,Toner,ctonercu@github.com,Female,Engineering
Kerrie,Benet,kbenetcv@phoca.cz,Female,Product Management
Will,Blakeden,wblakedencw@behance.net,Male,Business Development
Jackie,O'Mannion,jomannioncx@cmu.edu,Female,Human Resources
Micheil,Echalier,mechaliercy@dmoz.org,Male,Product Management
Marybelle,Peterken,mpeterkencz@cafepress.com,Female,Product Management
Garrek,Hurley,ghurleyd0@ucla.edu,Bigender,Accounting
Inglis,Soame,isoamed1@storify.com,Male,Business Development
Grace,Tafani,gtafanid2@nymag.com,Female,Research and Development
Joyan,Woltman,jwoltmand3@vk.com,Female,Accounting
Sara-ann,Marven,smarvend4@friendfeed.com,Female,Support
Lizzy,Eilhermann,leilhermannd5@lycos.com,Genderqueer,Research and Development
Baron,Sivess,bsivessd6@columbia.edu,Male,Legal
Nessie,Drakers,ndrakersd7@bandcamp.com,Genderfluid,Legal
Annabella,Fincham,afinchamd8@yolasite.com,Female,Product Management
Cad,Permain,cpermaind9@nps.gov,Male,Accounting
Gabbey,Sillars,gsillarsda@myspace.com,Female,Services
Brenna,Sivewright,bsivewrightdb@paypal.com,Female,Engineering
Herta,Cattell,hcattelldc@cornell.edu,Female,Support
Lita,Trusty,ltrustydd@reuters.com,Female,Business Development
Birgitta,Baxill,bbaxillde@google.com,Genderqueer,Accounting
Kelcey,Hasling,khaslingdf@123-reg.co.uk,Female,Services
Lem,Joubert,ljoubertdg@java.com,Male,Support
Geoffrey,Feasley,gfeasleydh@behance.net,Male,Marketing
Jackson,Lyptrit,jlyptritdi@icio.us,Male,Legal
Miquela,Karpinski,mkarpinskidj@photobucket.com,Female,Services
Llewellyn,Trewhela,ltrewheladk@icio.us,Male,Research and Development
Aurora,Alltimes,aalltimesdl@nsw.gov.au,Female,Human Resources
Loleta,Marsh,lmarshdm@umn.edu,Female,Legal
Forbes,Waud,fwauddn@prweb.com,Male,Legal
Clayson,Ruppeli,cruppelido@ebay.co.uk,Male,Sales
Shermie,Benitez,sbenitezdp@scribd.com,Genderqueer,Engineering
Tomasina,Baldery,tbalderydq@hhs.gov,Female,Legal
Lock,Ickovits,lickovitsdr@patch.com,Male,Marketing
Teodora,Cordner,tcordnerds@stumbleupon.com,Female,Research and Development
Celisse,Saiz,csaizdt@google.it,Female,Accounting
Bobine,Choat,bchoatdu@mozilla.com,Female,Support
Stevie,Tynemouth,stynemouthdv@bloglovin.com,Male,Services
Nappie,Parchment,nparchmentdw@who.int,Male,Legal
Yasmin,Stutter,ystutterdx@scribd.com,Female,Training
Aura,Strickler,astricklerdy@patch.com,Female,Engineering
Lorens,Clowsley,lclowsleydz@taobao.com,Male,Legal
Rip,Hagergham,rhagerghame0@fc2.com,Male,Services
Tuckie,Pountney,tpountneye1@yale.edu,Male,Business Development
Wake,Tuohy,wtuohye2@flavors.me,Male,Accounting
Reed,Hebron,rhebrone3@berkeley.edu,Male,Training
Fanechka,Rush,frushe4@loc.gov,Female,Legal
Blondy,Beardow,bbeardowe5@123-reg.co.uk,Female,Human Resources
Boycie,Gilstin,bgilstine6@unesco.org,Male,Marketing
Saul,Massinger,smassingere7@sphinn.com,Male,Marketing
Adler,Darben,adarbene8@comcast.net,Male,Support
Cleveland,Lafranconi,clafranconie9@rediff.com,Male,Human Resources
Remus,Oliphard,roliphardea@bandcamp.com,Male,Sales
Tracey,Goldbourn,tgoldbourneb@ezinearticles.com,Female,Business Development
Lotti,Tyne,ltyneec@furl.net,Female,Research and Development
Clayborne,Raynton,crayntoned@seattletimes.com,Male,Accounting
Caroljean,Anthiftle,canthiftleee@cyberchimps.com,Female,Engineering
Francisco,Gavaghan,fgavaghanef@eepurl.com,Male,Engineering
Tremaine,Roxbee,troxbeeeg@jigsy.com,Male,Accounting
Niccolo,Wrightim,nwrightimeh@addtoany.com,Male,Engineering
Valaria,Tremeer,vtremeerei@etsy.com,Female,Research and Development
Kristos,Gooder,kgooderej@blinklist.com,Male,Services
Nicolle,Shaw,nshawek@alibaba.com,Genderqueer,Business Development
Carroll,Tamlett,ctamlettel@qq.com,Female,Business Development
Julio,Trenholm,jtrenholmem@themeforest.net,Male,Sales
Desiree,Garmans,dgarmansen@uol.com.br,Female,Support
Clark,Dadge,cdadgeeo@google.cn,Male,Sales
Lanie,Langstone,llangstoneep@goo.gl,Female,Services
Marris,Jancey,mjanceyeq@cam.ac.uk,Female,Support
Betsey,Sante,bsanteer@amazonaws.com,Bigender,Research and Development
Dniren,Suett,dsuettes@si.edu,Female,Human Resources
Netta,Hewes,nheweset@answers.com,Female,Engineering
Lew,Delooze,ldeloozeeu@pbs.org,Male,Support
Jennica,Housiaux,jhousiauxev@senate.gov,Female,Research and Development
Edsel,Howe,ehoweew@buzzfeed.com,Male,Accounting
Kathryn,Ruben,krubenex@indiatimes.com,Female,Services
Alys,Sprowles,asprowlesey@domainmarket.com,Female,Research and Development
Kaiser,Jeffree,kjeffreeez@discuz.net,Male,Sales
Lynnette,McGoldrick,lmcgoldrickf0@businessinsider.com,Female,Accounting
Trescha,Drews,tdrewsf1@washington.edu,Female,Accounting
Bradford,Peppin,bpeppinf2@mapy.cz,Agender,Research and Development
Rachelle,Gianelli,rgianellif3@so-net.ne.jp,Female,Legal
Gerek,Marguerite,gmargueritef4@over-blog.com,Male,Engineering
Gilberto,Harnott,gharnottf5@smugmug.com,Male,Training
Ilyse,Zimmerman,izimmermanf6@walmart.com,Female,Accounting
Arlene,Terrelly,aterrellyf7@list-manage.com,Female,Human Resources
Ignazio,Abbot,iabbotf8@hibu.com,Male,Business Development
Colin,Saiz,csaizf9@sourceforge.net,Male,Human Resources
Ora,Quakley,oquakleyfa@hud.gov,Female,Accounting
Garry,Hursthouse,ghursthousefb@addthis.com,Male,Training
Markus,Cuseick,mcuseickfc@reverbnation.com,Male,Product Management
Lira,Bocking,lbockingfd@cam.ac.uk,Female,Research and Development
Archaimbaud,Godson,agodsonfe@virginia.edu,Polygender,Business Development
Grata,Cattroll,gcattrollff@seesaa.net,Female,Legal
Temp,MacIntosh,tmacintoshfg@gizmodo.com,Male,Services
Hilary,Whitington,hwhitingtonfh@mit.edu,Male,Legal
Kahaleel,Puddin,kpuddinfi@wunderground.com,Male,Sales
Falkner,Blanckley,fblanckleyfj@nhs.uk,Male,Support
Rollie,Fearnley,rfearnleyfk@webeden.co.uk,Male,Business Development
Constantin,Caesmans,ccaesmansfl@last.fm,Male,Accounting
Taber,Laughren,tlaughrenfm@cam.ac.uk,Male,Marketing
Mikey,Rowswell,mrowswellfn@sphinn.com,Male,Support
Allie,Pulster,apulsterfo@weather.com,Female,Human Resources
Gasper,Doolan,gdoolanfp@hexun.com,Male,Accounting
Elsey,Farriar,efarriarfq@soup.io,Female,Services
Zorana,Di Biagi,zdibiagifr@sina.com.cn,Polygender,Training
Seamus,Morse,smorsefs@ucsd.edu,Male,Training
Richmond,Radborne,rradborneft@privacy.gov.au,Male,Business Development
Finlay,Warriner,fwarrinerfu@booking.com,Male,Product Management
Pincus,Jagiela,pjagielafv@wisc.edu,Male,Sales
Leone,Plumer,lplumerfw@kickstarter.com,Female,Legal
Lauree,McGuffie,lmcguffiefx@guardian.co.uk,Female,Training
Loren,Fordham,lfordhamfy@archive.org,Male,Legal
Tracey,Laugheran,tlaugheranfz@washingtonpost.com,Female,Accounting
Eb,Rame,erameg0@geocities.com,Male,Legal
Henriette,Maxworthy,hmaxworthyg1@bizjournals.com,Female,Sales
Lyndsie,Bugbird,lbugbirdg2@java.com,Female,Human Resources
Averill,Liddel,aliddelg3@photobucket.com,Male,Engineering
Sully,Teeney,steeneyg4@reuters.com,Male,Legal
Elke,O'Fergus,eofergusg5@alibaba.com,Female,Human Resources
Cynthia,Smowton,csmowtong6@cargocollective.com,Female,Marketing
Dilly,Wiszniewski,dwiszniewskig7@biglobe.ne.jp,Male,Support
Georgia,Smurfit,gsmurfitg8@sciencedirect.com,Female,Research and Development
Kingsley,Belamy,kbelamyg9@1688.com,Male,Accounting
Marne,Semiras,msemirasga@moonfruit.com,Female,Engineering
Amelina,Pragnell,apragnellgb@theglobeandmail.com,Female,Engineering
Ab,Adolthine,aadolthinegc@imageshack.us,Male,Engineering
Ernest,Gain,egaingd@studiopress.com,Male,Accounting
Cami,Pinare,cpinarege@weibo.com,Female,Research and Development
Dierdre,Adamini,dadaminigf@usa.gov,Female,Accounting
Lewie,Speechly,lspeechlygg@tmall.com,Genderfluid,Engineering
Gaston,Lewzey,glewzeygh@fc2.com,Male,Sales
Sammy,Marvin,smarvingi@msn.com,Female,Engineering
Gwendolyn,Ianitti,gianittigj@typepad.com,Genderqueer,Human Resources
Shurwood,Mumbray,smumbraygk@ucoz.ru,Bigender,Services
Devlin,Macy,dmacygl@domainmarket.com,Male,Marketing
Babbie,Cockrill,bcockrillgm@oakley.com,Female,Research and Development
Charlot,Labdon,clabdongn@parallels.com,Female,Training
Terencio,Parvin,tparvingo@aboutads.info,Male,Research and Development
Tailor,Deackes,tdeackesgp@123-reg.co.uk,Male,Human Resources
Julia,Dovinson,jdovinsongq@privacy.gov.au,Female,Support
Aland,Minchinden,aminchindengr@kickstarter.com,Bigender,Support
Myrah,Radborn,mradborngs@amazonaws.com,Female,Business Development
Brade,Derrington,bderringtongt@bigcartel.com,Male,Human Resources
Gregoor,Ballantyne,gballantynegu@acquirethisname.com,Male,Services
Marcellus,Mavin,mmavingv@alexa.com,Male,Accounting
Kettie,Quincey,kquinceygw@cbc.ca,Female,Support
Giorgio,Worshall,gworshallgx@dyndns.org,Male,Business Development
Starla,Tregunna,stregunnagy@wordpress.org,Female,Human Resources
Courtney,Silbert,csilbertgz@seesaa.net,Female,Training
Isahella,Ondrusek,iondrusekh0@squarespace.com,Female,Services
Roda,Woolgar,rwoolgarh1@usatoday.com,Female,Support
Joy,Bealing,jbealingh2@skype.com,Non-binary,Marketing
Carl,Hargie,chargieh3@angelfire.com,Male,Accounting
Skipper,Cosin,scosinh4@last.fm,Male,Support
Karlene,Latta,klattah5@gizmodo.com,Female,Business Development
Dulcie,Tuvey,dtuveyh6@nps.gov,Female,Business Development
Orion,Cars,ocarsh7@icio.us,Genderqueer,Accounting
Roby,Cridge,rcridgeh8@mit.edu,Female,Marketing
Ludovika,Dawtry,ldawtryh9@hugedomains.com,Female,Training
Domenic,Robinette,drobinetteha@sciencedirect.com,Male,Research and Development
Olvan,Eschelle,oeschellehb@weebly.com,Male,Engineering
Gage,Farquar,gfarquarhc@adobe.com,Male,Research and Development
Michaella,Gaylord,mgaylordhd@com.com,Female,Business Development
Adriaens,Beeston,abeestonhe@de.vu,Female,Human Resources
Darice,Benkhe,dbenkhehf@google.com.br,Female,Human Resources
Hersh,Jorioz,hjoriozhg@t.co,Male,Legal
Michale,Martinello,mmartinellohh@alibaba.com,Male,Support
Heather,Jursch,hjurschhi@imageshack.us,Female,Accounting
Zach,Prangley,zprangleyhj@cnet.com,Male,Training
Adolphus,Oxbie,aoxbiehk@reuters.com,Male,Legal
Dilan,De Bruyn,ddebruynhl@topsy.com,Male,Training
Stewart,MacSharry,smacsharryhm@china.com.cn,Male,Business Development
Kyrstin,Pym,kpymhn@cyberchimps.com,Female,Legal
Ivonne,Hulkes,ihulkesho@mit.edu,Female,Accounting
Cos,Alesio,calesiohp@meetup.com,Male,Marketing
Farleigh,Befroy,fbefroyhq@princeton.edu,Male,Research and Development
Haskel,Lancetter,hlancetterhr@xinhuanet.com,Male,Marketing
Hesther,Drable,hdrablehs@eepurl.com,Female,Human Resources
Nan,MacNalley,nmacnalleyht@newsvine.com,Female,Accounting
Elroy,Soames,esoameshu@newsvine.com,Male,Product Management
Silvain,Waadenburg,swaadenburghv@google.com.hk,Male,Training
Jody,Winders,jwindershw@example.com,Male,Human Resources
Alice,Battams,abattamshx@bbc.co.uk,Female,Engineering
Dorine,Hearthfield,dhearthfieldhy@ycombinator.com,Female,Accounting
Winnah,Clemanceau,wclemanceauhz@ebay.com,Female,Business Development
Kirbee,Norssister,knorssisteri0@youku.com,Female,Research and Development
Karla,Pilkinton,kpilkintoni1@ucoz.ru,Female,Sales
Ebba,Petchey,epetcheyi2@yellowbook.com,Genderfluid,Marketing
Kimberlee,Biscomb,kbiscombi3@shareasale.com,Female,Marketing
Vinny,Lowle,vlowlei4@usa.gov,Male,Accounting
Ronny,Suttaby,rsuttabyi5@cnbc.com,Male,Support
Guy,Somerled,gsomerledi6@fotki.com,Genderqueer,Legal
Sollie,Penniell,spennielli7@exblog.jp,Bigender,Engineering
Hasty,FitzGeorge,hfitzgeorgei8@angelfire.com,Male,Training
Tobias,Cosbee,tcosbeei9@sogou.com,Male,Legal
Siegfried,Althrop,salthropia@youtu.be,Male,Services
Collie,Raspel,craspelib@google.ru,Female,Sales
Millisent,Petrozzi,mpetrozziic@ovh.net,Female,Legal
Delmar,Muzzall,dmuzzallid@parallels.com,Male,Sales
Christos,Sarfas,csarfasie@usda.gov,Male,Accounting
Randall,Cantu,rcantuif@dion.ne.jp,Male,Services
Evin,Camin,ecaminig@vk.com,Male,Research and Development
Kalli,Clymer,kclymerih@posterous.com,Female,Accounting
Gretna,Paoli,gpaoliii@marriott.com,Female,Accounting
Ottilie,Yokel,oyokelij@parallels.com,Genderqueer,Business Development
Andras,Baldam,abaldamik@furl.net,Male,Support
Court,Hadaway,chadawayil@amazon.co.jp,Male,Human Resources
Magdalena,Showen,mshowenim@uol.com.br,Female,Support
Rogers,Tremontana,rtremontanain@accuweather.com,Male,Human Resources
Mattie,Eyles,meylesio@columbia.edu,Male,Engineering
Chet,Hirschmann,chirschmannip@china.com.cn,Bigender,Human Resources
Purcell,Bignal,pbignaliq@house.gov,Genderfluid,Business Development
Darb,Bier,dbierir@cnet.com,Male,Research and Development
Alfreda,Wilmington,awilmingtonis@ftc.gov,Female,Marketing
Barrie,Legen,blegenit@deviantart.com,Male,Marketing
Andy,Steed,asteediu@google.com.hk,Male,Legal
Spencer,Rickerby,srickerbyiv@gnu.org,Male,Sales
Tadd,Tomenson,ttomensoniw@goo.gl,Male,Support
Olympie,Skains,oskainsix@tumblr.com,Female,Legal
Harbert,Keddy,hkeddyiy@ca.gov,Male,Research and Development
Nelli,Bestwall,nbestwalliz@sfgate.com,Female,Product Management
Shellysheldon,Primak,sprimakj0@whitehouse.gov,Male,Training
Jennilee,Flemming,jflemmingj1@wikipedia.org,Female,Product Management
Bethany,Watmough,bwatmoughj2@flavors.me,Female,Human Resources
Cassi,Van Hove,cvanhovej3@i2i.jp,Bigender,Accounting
Brenden,Scoffins,bscoffinsj4@exblog.jp,Male,Sales
Simona,Wadeson,swadesonj5@telegraph.co.uk,Female,Engineering
Eldridge,Thresh,ethreshj6@imdb.com,Male,Training
Wesley,Cockings,wcockingsj7@rambler.ru,Male,Accounting
Bernie,Cribbin,bcribbinj8@howstuffworks.com,Male,Legal
Channa,Hinkes,chinkesj9@chicagotribune.com,Female,Engineering
Henrik,Fardo,hfardoja@nih.gov,Male,Accounting
Eugenius,Plaster,eplasterjb@ezinearticles.com,Male,Product Management
Gran,Bambery,gbamberyjc@joomla.org,Male,Research and Development
Jeniffer,Millea,jmilleajd@techcrunch.com,Female,Accounting
Murielle,Penwright,mpenwrightje@nymag.com,Agender,Product Management
Nealson,Brunker,nbrunkerjf@spiegel.de,Male,Training
Montgomery,Baudin,mbaudinjg@macromedia.com,Male,Engineering
Ophelie,Dybell,odybelljh@foxnews.com,Female,Training
Jackie,Gerardet,jgerardetji@creativecommons.org,Genderqueer,Legal
Spence,Marte,smartejj@statcounter.com,Male,Sales
Eduino,Halbert,ehalbertjk@hp.com,Male,Marketing
Rabi,Lewty,rlewtyjl@nasa.gov,Male,Engineering
Hodge,Cockerham,hcockerhamjm@domainmarket.com,Male,Business Development
Coleen,Enochsson,cenochssonjn@uol.com.br,Genderfluid,Marketing
Jerry,Galliard,jgalliardjo@blogger.com,Male,Product Management
Osborn,Christofor,ochristoforjp@e-recht24.de,Male,Sales
Edie,Clilverd,eclilverdjq@rakuten.co.jp,Female,Business Development
Maggee,Reveley,mreveleyjr@upenn.edu,Female,Human Resources
Berti,Oager,boagerjs@desdev.cn,Genderqueer,Sales
Brad,Alderman,baldermanjt@youku.com,Male,Research and Development
Kelsi,Ferriday,kferridayju@devhub.com,Female,Marketing
Leland,Drinkhall,ldrinkhalljv@deliciousdays.com,Female,Legal
Tandy,Dufer,tduferjw@barnesandnoble.com,Female,Business Development
Earle,Seeviour,eseeviourjx@oakley.com,Male,Business Development
Sunny,Slides,sslidesjy@dot.gov,Female,Engineering
Aloisia,Brideoke,abrideokejz@is.gd,Female,Human Resources
Cariotta,MacCardle,cmaccardlek0@marketwatch.com,Female,Services
Shelly,Reed,sreedk1@usa.gov,Female,Business Development
Hurley,Lipsett,hlipsettk2@google.cn,Male,Product Management
Berti,Jones,bjonesk3@free.fr,Male,Services
Leif,Guyers,lguyersk4@symantec.com,Male,Engineering
Emilio,Iacovides,eiacovidesk5@eventbrite.com,Male,Marketing
Patrizia,Organ,porgank6@theatlantic.com,Female,Research and Development
Raimondo,Zavittieri,rzavittierik7@free.fr,Male,Sales
Stearne,Sunderland,ssunderlandk8@wired.com,Male,Legal
Even,Readwood,ereadwoodk9@xrea.com,Male,Support
Whitney,Brunel,wbrunelka@cornell.edu,Female,Research and Development
Cory,Briffett,cbriffettkb@opera.com,Female,Support
Mateo,Strank,mstrankkc@macromedia.com,Male,Legal
Cicely,Terrett,cterrettkd@yahoo.co.jp,Non-binary,Business Development
Calida,Dallewater,cdallewaterke@ftc.gov,Female,Human Resources
Georg,Standbrooke,gstandbrookekf@archive.org,Male,Product Management
Theo,Firk,tfirkkg@imdb.com,Female,Legal
Adair,D'Ambrosio,adambrosiokh@freewebs.com,Male,Human Resources
Melonie,Roggeman,mroggemanki@nih.gov,Female,Support
Aleda,Desantis,adesantiskj@ted.com,Female,Accounting
Sampson,Shedden,ssheddenkk@google.ru,Male,Support
Suki,Dunsmore,sdunsmorekl@arstechnica.com,Genderfluid,Accounting
Cedric,London,clondonkm@moonfruit.com,Male,Services
Shermy,Whall,swhallkn@i2i.jp,Male,Accounting
Jacenta,Pays,jpaysko@businessinsider.com,Female,Research and Development
Lindi,Monahan,lmonahankp@topsy.com,Female,Accounting
Kristien,Cherrie,kcherriekq@dmoz.org,Female,Services
Midge,Flemmich,mflemmichkr@freewebs.com,Bigender,Support
Johanna,Gudgeon,jgudgeonks@shutterfly.com,Female,Support
Elnora,Bulbrook,ebulbrookkt@photobucket.com,Female,Sales
Shaun,Berford,sberfordku@msn.com,Female,Marketing
Yves,Dignall,ydignallkv@godaddy.com,Male,Business Development
Iorgos,Gostick,igostickkw@rakuten.co.jp,Male,Sales
Edmon,Lytlle,elytllekx@berkeley.edu,Male,Human Resources
Solomon,Coggill,scoggillky@goodreads.com,Male,Support
Wolf,Franciotti,wfranciottikz@rambler.ru,Male,Accounting
Mendy,Ebdin,mebdinl0@istockphoto.com,Male,Research and Development
Shauna,Hulance,shulancel1@twitpic.com,Female,Legal
Galven,Pendrill,gpendrilll2@alibaba.com,Male,Support
Lammond,Gillogley,lgillogleyl3@arstechnica.com,Genderqueer,Support
Betti,Huckerbe,bhuckerbel4@redcross.org,Female,Marketing
Lotti,Valeri,lvaleril5@nbcnews.com,Genderqueer,Support
Pansie,Berre,pberrel6@sciencedirect.com,Female,Marketing
Roshelle,Blackey,rblackeyl7@geocities.com,Female,Business Development
Birgitta,Arnaut,barnautl8@gov.uk,Female,Research and Development
Garner,Gwynn,ggwynnl9@issuu.com,Male,Business Development
Ced,Brogiotti,cbrogiottila@samsung.com,Male,Services
Blake,Meindl,bmeindllb@alibaba.com,Male,Accounting
Oren,Barnaby,obarnabylc@e-recht24.de,Genderqueer,Business Development
Ilse,Whisker,iwhiskerld@japanpost.jp,Female,Training
Cob,Woollons,cwoollonsle@cdc.gov,Male,Engineering
Nero,Durnill,ndurnilllf@slate.com,Male,Engineering
Charil,Gudgen,cgudgenlg@cbsnews.com,Female,Accounting
Elston,Brummitt,ebrummittlh@domainmarket.com,Male,Accounting
Kirsten,Gitting,kgittingli@youku.com,Female,Engineering
Cathi,Bessant,cbessantlj@github.com,Female,Services
Bernetta,Claige,bclaigelk@mozilla.com,Female,Product Management
Kean,Lewis,klewisll@t.co,Male,Human Resources
Tiffani,Mityakov,tmityakovlm@shinystat.com,Female,Support
Filberto,Taree,ftareeln@soundcloud.com,Male,Support
Larine,Cowing,lcowinglo@usnews.com,Female,Marketing
Shane,Ossulton,sossultonlp@bbc.co.uk,Male,Marketing
Freida,Yann,fyannlq@bandcamp.com,Female,Product Management
Gwenora,Bliven,gblivenlr@ustream.tv,Female,Engineering
Lanette,Bartolijn,lbartolijnls@cnn.com,Female,Sales
Doro,Featherstonhaugh,dfeatherstonhaughlt@hc360.com,Female,Business Development
Margaux,MacTrustie,mmactrustielu@nasa.gov,Agender,Marketing
Ainslee,Kumaar,akumaarlv@mail.ru,Female,Training
Nanete,Dewhirst,ndewhirstlw@chicagotribune.com,Female,Training
Marchelle,Jessop,mjessoplx@123-reg.co.uk,Female,Services
Ynes,Flintiff,yflintiffly@goo.gl,Female,Research and Development
Juliane,Hails,jhailslz@miitbeian.gov.cn,Female,Sales
Anissa,Mouncey,amounceym0@tamu.edu,Female,Engineering
Agustin,Fevers,afeversm1@blog.com,Male,Services
Greg,Edmand,gedmandm2@microsoft.com,Genderfluid,Marketing
Marjy,Boydle,mboydlem3@sciencedaily.com,Female,Accounting
Laurens,Norssister,lnorssisterm4@alexa.com,Male,Marketing
Rab,Snelson,rsnelsonm5@china.com.cn,Male,Product Management
Danita,Frazier,dfrazierm6@walmart.com,Female,Accounting
Eleni,Mazonowicz,emazonowiczm7@google.es,Female,Marketing
Ted,Clew,tclewm8@scribd.com,Male,Support
Vito,Bogeys,vbogeysm9@ifeng.com,Male,Accounting
Merry,Minchinden,mminchindenma@ftc.gov,Genderqueer,Research and Development
Bogey,Clarkson,bclarksonmb@smh.com.au,Male,Services
Terri-jo,Jewes,tjewesmc@oakley.com,Female,Training
Giovanni,O' Markey,gomarkeymd@com.com,Male,Research and Development
Halette,Umbers,humbersme@ow.ly,Genderqueer,Research and Development
Jonathon,Wehner,jwehnermf@drupal.org,Male,Legal
Sinclare,Elgy,selgymg@shutterfly.com,Male,Training
Gracie,Curtain,gcurtainmh@amazon.co.uk,Non-binary,Services
Keefe,Heam,kheammi@ebay.com,Genderqueer,Marketing
Chen,Tilney,ctilneymj@umich.edu,Bigender,Accounting
Violante,Milleton,vmilletonmk@technorati.com,Female,Business Development
Jenda,Arrundale,jarrundaleml@google.pl,Genderqueer,Training
Kelila,Frayn,kfraynmm@wiley.com,Female,Legal
Catrina,Grote,cgrotemn@amazon.co.uk,Female,Marketing
Marshall,Pluck,mpluckmo@china.com.cn,Male,Engineering
Hatti,Yarwood,hyarwoodmp@ebay.co.uk,Female,Engineering
Ramsey,Maunder,rmaundermq@yolasite.com,Male,Research and Development
Fernandina,Quadri,fquadrimr@wikia.com,Female,Research and Development
Appolonia,Nelthorp,anelthorpms@uiuc.edu,Female,Training
Myrah,Fosserd,mfosserdmt@phoca.cz,Female,Accounting
Katerina,Matchell,kmatchellmu@geocities.com,Female,Sales
Francene,Swigger,fswiggermv@statcounter.com,Female,Marketing
Ennis,Presidey,epresideymw@ox.ac.uk,Male,Business Development
Leonid,Crowdace,lcrowdacemx@sakura.ne.jp,Male,Engineering
Hannah,Briscam,hbriscammy@cafepress.com,Female,Legal
Manda,Dobby,mdobbymz@si.edu,Female,Business Development
Addie,Alliott,aalliottn0@php.net,Female,Services
Letta,Jachimak,ljachimakn1@sun.com,Female,Engineering
Sumner,Faulkner,sfaulknern2@bloglovin.com,Male,Business Development
Serena,Tongue,stonguen3@amazon.de,Polygender,Sales
Madeline,Kippling,mkipplingn4@dell.com,Female,Marketing
Adriano,Neale,anealen5@edublogs.org,Male,Accounting
Celka,Kinnen,ckinnenn6@amazon.co.jp,Female,Services
Frans,Austin,faustinn7@fastcompany.com,Male,Research and Development
Granger,Sprake,gspraken8@ucsd.edu,Non-binary,Sales
Ab,Blesli,ableslin9@smugmug.com,Genderqueer,Business Development
Sherilyn,Dobbyn,sdobbynna@t.co,Female,Engineering
Boothe,McCreery,bmccreerynb@miibeian.gov.cn,Genderfluid,Human Resources
Ibrahim,Sorrel,isorrelnc@photobucket.com,Male,Sales
Riane,Edmonston,redmonstonnd@comcast.net,Female,Training
Lanita,Mackness,lmacknessne@sakura.ne.jp,Female,Legal
Casey,Buzza,cbuzzanf@bbb.org,Female,Accounting
Garrik,Bernardi,gbernarding@chicagotribune.com,Male,Training
Ursala,Wrate,uwratenh@booking.com,Female,Accounting
Patten,Mecchi,pmecchini@discuz.net,Male,Sales
Erena,Wilkins,ewilkinsnj@vistaprint.com,Female,Sales
Natalie,Arnaudi,narnaudink@cbc.ca,Female,Business Development
Muire,Collacombe,mcollacombenl@homestead.com,Female,Services
Rosabella,Forge,rforgenm@nyu.edu,Genderqueer,Accounting
Bren,McInnerny,bmcinnernynn@foxnews.com,Male,Sales
Helen,Gamblin,hgamblinno@constantcontact.com,Female,Product Management
Meir,Jermyn,mjermynnp@seattletimes.com,Male,Legal
Lisle,Boick,lboicknq@yelp.com,Male,Product Management
Hamil,Boule,hboulenr@npr.org,Male,Marketing
Kara,Whatley,kwhatleyns@yellowbook.com,Female,Human Resources
Antonino,Danev,adanevnt@flickr.com,Male,Sales
Leoine,MacDiarmid,lmacdiarmidnu@w3.org,Female,Marketing
Camille,Stoner,cstonernv@baidu.com,Female,Research and Development
Holden,Basson,hbassonnw@indiatimes.com,Male,Marketing
Ciro,Sydney,csydneynx@abc.net.au,Male,Sales
Ganny,Bennet,gbennetny@mozilla.com,Male,Legal
Adams,Firebrace,afirebracenz@indiegogo.com,Male,Accounting
Win,Linck,wlincko0@ucsd.edu,Male,Accounting
Emily,MacAnellye,emacanellyeo1@yellowbook.com,Female,Sales
Rennie,Storry,rstorryo2@yelp.com,Female,Accounting
Huberto,Harragin,hharragino3@bloglines.com,Male,Marketing
Reamonn,Johanning,rjohanningo4@furl.net,Male,Engineering
Nora,Addionizio,naddionizioo5@ow.ly,Female,Legal
Moe,Housiaux,mhousiauxo6@aol.com,Male,Services
Field,Cominoli,fcominolio7@ed.gov,Bigender,Support
Tabor,Gilmour,tgilmouro8@odnoklassniki.ru,Male,Training
Sal,Jakaway,sjakawayo9@desdev.cn,Female,Research and Development
Othilie,Sonier,osonieroa@thetimes.co.uk,Female,Human Resources
Putnam,Griss,pgrissob@free.fr,Male,Training
Chadd,Guy,cguyoc@cbsnews.com,Male,Business Development
Fredi,Pavey,fpaveyod@amazon.co.uk,Female,Accounting
Uta,Vallantine,uvallantineoe@cyberchimps.com,Female,Training
Darin,Edelston,dedelstonof@census.gov,Male,Marketing
Roosevelt,Leathe,rleatheog@xinhuanet.com,Male,Support
Clarissa,Smeed,csmeedoh@eepurl.com,Female,Sales
Jules,Chellam,jchellamoi@myspace.com,Male,Accounting
Antonetta,Pusill,apusilloj@techcrunch.com,Female,Sales
Husain,Vayne,hvayneok@uol.com.br,Male,Services
Randal,Faveryear,rfaveryearol@parallels.com,Male,Research and Development
Estelle,Skaife,eskaifeom@china.com.cn,Female,Accounting
Nerta,Gramer,ngrameron@nydailynews.com,Female,Research and Development
Joanne,Chree,jchreeoo@omniture.com,Female,Research and Development
Ulberto,Gillean,ugilleanop@unblog.fr,Male,Engineering
Sukey,Lucken,sluckenoq@blogger.com,Female,Marketing
Miner,Habbershon,mhabbershonor@myspace.com,Male,Training
Appolonia,Shemming,ashemmingos@gravatar.com,Female,Engineering
Kordula,Hazle,khazleot@example.com,Female,Accounting
Kelby,Lomaz,klomazou@bravesites.com,Male,Human Resources
Corella,Strang,cstrangov@sakura.ne.jp,Female,Human Resources
Elwin,Krollmann,ekrollmannow@ocn.ne.jp,Male,Services
Pren,Spellard,pspellardox@jugem.jp,Male,Business Development
Sarine,Majury,smajuryoy@github.com,Female,Product Management
Neale,Livoir,nlivoiroz@usatoday.com,Male,Accounting
Jamima,Labbett,jlabbettp0@who.int,Female,Product Management
Jozef,Duffet,jduffetp1@weather.com,Male,Product Management
Emalee,Pariss,eparissp2@xing.com,Female,Training
Baxie,Champain,bchampainp3@is.gd,Male,Research and Development
Khalil,Maddie,kmaddiep4@storify.com,Male,Marketing
Neall,Dominique,ndominiquep5@blinklist.com,Male,Business Development
Sonnie,Vaz,svazp6@sina.com.cn,Genderqueer,Accounting
Ferrel,Thews,fthewsp7@nasa.gov,Male,Marketing
Trixi,Beinisch,tbeinischp8@sitemeter.com,Female,Training
Karina,Pelling,kpellingp9@yellowpages.com,Female,Legal
Rozalie,Hayley,rhayleypa@tiny.cc,Female,Support
Claudette,Offener,coffenerpb@cnet.com,Female,Legal
Aurora,McMaster,amcmasterpc@constantcontact.com,Female,Engineering
Fee,Messier,fmessierpd@wikipedia.org,Male,Support
Desiree,Bolliver,dbolliverpe@free.fr,Female,Training
Burke,Colafate,bcolafatepf@hatena.ne.jp,Male,Legal
Ozzie,Riccioppo,oriccioppopg@berkeley.edu,Male,Research and Development
Shaw,Missington,smissingtonph@liveinternet.ru,Male,Marketing
Eugen,Waistell,ewaistellpi@alibaba.com,Male,Research and Development
Huntley,Normanville,hnormanvillepj@indiatimes.com,Male,Sales
Aeriel,Lumsden,alumsdenpk@usa.gov,Female,Accounting
Ricard,Dudill,rdudillpl@prweb.com,Male,Training
Ingra,Larmour,ilarmourpm@berkeley.edu,Male,Marketing
Ruthi,Zoppie,rzoppiepn@rakuten.co.jp,Female,Human Resources
Brooke,Dalloway,bdallowaypo@cyberchimps.com,Male,Human Resources
Sharl,Mingardi,smingardipp@bing.com,Female,Engineering
Fancie,Hulkes,fhulkespq@surveymonkey.com,Non-binary,Legal
Mirelle,Saltmarshe,msaltmarshepr@reverbnation.com,Female,Services
Ber,Placstone,bplacstoneps@imageshack.us,Male,Support
Cheslie,Fever,cfeverpt@economist.com,Female,Sales
Kristyn,Schimaschke,kschimaschkepu@statcounter.com,Female,Business Development
Mechelle,Varley,mvarleypv@phpbb.com,Female,Business Development
Ginger,Wellstead,gwellsteadpw@fema.gov,Female,Services
Heath,Frugier,hfrugierpx@sohu.com,Female,Training
Ingeborg,Kirkwood,ikirkwoodpy@networksolutions.com,Female,Training
Junette,Dyche,jdychepz@census.gov,Female,Product Management
Yuri,Juden,yjudenq0@reuters.com,Bigender,Sales
Michele,Dachs,mdachsq1@vk.com,Female,Training
Etheline,Spiers,espiersq2@hud.gov,Female,Engineering
Mariann,Sekulla,msekullaq3@state.gov,Female,Human Resources
Spence,Esson,sessonq4@plala.or.jp,Male,Human Resources
Ephraim,Bloxsom,ebloxsomq5@mediafire.com,Male,Human Resources
Melisse,Yashaev,myashaevq6@soup.io,Female,Sales
Morgun,Arunowicz,marunowiczq7@amazon.co.uk,Male,Human Resources
Conny,Reinisch,creinischq8@ocn.ne.jp,Male,Support
Gussy,Matthis,gmatthisq9@java.com,Female,Legal
Morten,Menlove,mmenloveqa@redcross.org,Male,Sales
Lalo,Playfair,lplayfairqb@cnn.com,Male,Research and Development
Eben,Kirkham,ekirkhamqc@nydailynews.com,Male,Training
Hunt,Ege,hegeqd@livejournal.com,Male,Research and Development
Roland,Simmell,rsimmellqe@furl.net,Male,Engineering
Domini,Dulen,ddulenqf@umn.edu,Female,Marketing
Wallace,Dominick,wdominickqg@cargocollective.com,Male,Accounting
Janot,Fisby,jfisbyqh@zimbio.com,Female,Research and Development
Dominic,Mussington,dmussingtonqi@livejournal.com,Male,Business Development
Hilton,Dooman,hdoomanqj@vistaprint.com,Male,Legal
Sean,Vinall,svinallqk@amazon.co.jp,Female,Legal
Nevins,Sharplin,nsharplinql@google.co.jp,Male,Human Resources
Clarance,Paradine,cparadineqm@flickr.com,Male,Marketing
Karney,Helks,khelksqn@4shared.com,Genderqueer,Accounting
Tanitansy,Paternoster,tpaternosterqo@springer.com,Female,Product Management
Hyacinthe,Gentner,hgentnerqp@ox.ac.uk,Bigender,Engineering
Lawrence,Pena,lpenaqq@blogs.com,Male,Research and Development
Dacey,Rodie,drodieqr@parallels.com,Female,Engineering
Augustine,Wolledge,awolledgeqs@printfriendly.com,Bigender,Product Management
Avie,Windram,awindramqt@weibo.com,Female,Training
Leonore,Gyde,lgydequ@skype.com,Female,Training
Sharona,Guion,sguionqv@blogspot.com,Female,Support
Willette,Merner,wmernerqw@usda.gov,Female,Product Management
Gerald,Breckenridge,gbreckenridgeqx@cnet.com,Male,Human Resources
Edwin,Hellmore,ehellmoreqy@oakley.com,Male,Sales
Reeba,Youthed,ryouthedqz@businessinsider.com,Non-binary,Sales
Munroe,Abramcik,mabramcikr0@dot.gov,Male,Training
Bunni,Spencley,bspencleyr1@smh.com.au,Female,Accounting
Ransell,Rushforth,rrushforthr2@e-recht24.de,Non-binary,Engineering
Monty,Gynne,mgynner3@samsung.com,Male,Training
Katlin,Van der Krui,kvanderkruir4@smugmug.com,Female,Sales
Lea,Farans,lfaransr5@webs.com,Female,Training
Monah,Mackrell,mmackrellr6@yandex.ru,Female,Accounting
Alejandro,Bastow,abastowr7@java.com,Male,Sales
Daryl,Grigor,dgrigorr8@un.org,Male,Support
Annamarie,Furst,afurstr9@constantcontact.com,Female,Services
Virgie,Hazell,vhazellra@foxnews.com,Male,Product Management
Maude,Leport,mleportrb@mysql.com,Female,Human Resources
Aluin,Gueste,aguesterc@nydailynews.com,Male,Engineering
Shannon,Dilkes,sdilkesrd@dyndns.org,Female,Accounting
Cleon,Coulton,ccoultonre@google.it,Agender,Engineering
Gui,Lewsley,glewsleyrf@cargocollective.com,Female,Sales
Nathaniel,Truckett,ntruckettrg@live.com,Male,Support
Dirk,Padden,dpaddenrh@uiuc.edu,Male,Marketing
Lennard,Gilkison,lgilkisonri@networksolutions.com,Male,Training
Tore,Forgie,tforgierj@altervista.org,Male,Legal
Bobby,Navaro,bnavarork@nih.gov,Female,Legal
Hasty,Avramovic,havramovicrl@nps.gov,Male,Services
Nickolas,Czaple,nczaplerm@alexa.com,Male,Sales
Yehudit,Antill,yantillrn@zdnet.com,Male,Product Management
Rosabella,Castiglione,rcastiglionero@baidu.com,Female,Legal
Bambie,Nutt,bnuttrp@clickbank.net,Female,Support
Annalee,Krollman,akrollmanrq@examiner.com,Female,Human Resources
Rickert,Scammonden,rscammondenrr@independent.co.uk,Male,Legal
